<?xml version="1.0" encoding="UTF-8"?>
<!DOCTYPE mapper PUBLIC "-//mybatis.org//DTD Mapper 3.0//EN" "http://mybatis.org/dtd/mybatis-3-mapper.dtd" >

<mapper namespace="memberMapper">
	<resultMap type="login" id="memberResultSet">
		<result column="M_NUM" property="memberNum"></result>
		<result column="M_USER_ID" property="memberId"></result>
		<result column="M_PW" property="memberPassword"></result>
		<result column="M_NAME" property="memberName"></result>
		<result column="M_GENDER" property="memberGender"></result>
		<result column="M_ADD1" property="memberAddr1"></result>
		<result column="M_ADD2" property="memberAddr2"></result>
		<result column="M_DATE_BIRTH" property="memberBirthDate"></result>
		<result column="M_DATETIME_CREATED" property="memberCDT"></result>
		<result column="M_GOOGLE" property="memberGoogle"></result>
		<result column="M_KAKO" property="memberKakao"></result>
		<result column="M_NAVER" property="memberNaver"></result>
		<result column="M_DIVISION" property="memberDivision"></result>
	</resultMap>

	<select id="loginMember" resultMap="memberResultSet">
		SELECT * FROM MEMBER
		WHERE M_USER_ID = #{memberId}
		<!-- AND M_REMOVE_DATE IS NULL -->
	</select>
	<select id="checkId" resultType="_int">
		SELECT COUNT(*) FROM MEMBER WHERE M_USER_ID = #{id}
	</select>
	<insert id="kakaoSingup">
		INSERT INTO MEMBER (M_USER_ID, M_PW, M_NAME, M_GENDER, M_KAKAO, M_DIVISION) VALUES (#{memberId}, #{memberPassword}, #{memberName}, #{memberGender}, #{memberKakao}, 'user') 
	</insert>
	
<!-- 	<select id="checkEmail" resultType="_int">
		SELECT COUNT(*) FROM M_MEMBER WHERE M_EMAIL = #{email}
	</select> -->
	
<!-- 	<insert id="singupMember" parameterType="member">
	INSERT INTO M_MEMBER(M_IDX, M_EMAIL, M_NAME, M_PASSWORD, M_INDATE, M_REMOVE_DATE) VALUES (M_SEQ.NEXTVAL, #{memberEmail}, #{memberName}, #{memberPassword},SYSDATE, NULL)
	</insert> -->
</mapper>